method,outcome,bin_low,bin_high,matches,mean_predicted,actual_frequency
proportional,Home win,0.05,0.1,101,0.0833,0.0792
proportional,Home win,0.1,0.15,256,0.1279,0.1367
proportional,Home win,0.15,0.2,361,0.1751,0.1717
proportional,Home win,0.2,0.25,330,0.225,0.2667
proportional,Home win,0.25,0.3,370,0.2755,0.2838
proportional,Home win,0.3,0.35,430,0.3273,0.286
proportional,Home win,0.35,0.4,609,0.3782,0.381
proportional,Home win,0.4,0.45,533,0.4234,0.4165
proportional,Home win,0.45,0.5,625,0.4733,0.464
proportional,Home win,0.5,0.55,406,0.5252,0.5493
proportional,Home win,0.55,0.6,351,0.5734,0.6011
proportional,Home win,0.6,0.65,269,0.6202,0.6171
proportional,Home win,0.65,0.7,335,0.6752,0.7075
proportional,Home win,0.7,0.75,253,0.7273,0.7036
proportional,Home win,0.75,0.8,247,0.7744,0.749
proportional,Home win,0.8,0.85,156,0.8217,0.8654
proportional,Home win,0.85,0.9,61,0.8682,0.918
proportional,Draw,0.05,0.1,58,0.087,0.0862
proportional,Draw,0.1,0.15,317,0.1293,0.123
proportional,Draw,0.15,0.2,731,0.1769,0.1696
proportional,Draw,0.2,0.25,1267,0.2291,0.2028
proportional,Draw,0.25,0.3,3122,0.2761,0.2828
proportional,Draw,0.3,0.35,205,0.3068,0.2976
proportional,Away win,0.0,0.05,75,0.0417,0.0533
proportional,Away win,0.05,0.1,553,0.0753,0.0868
proportional,Away win,0.1,0.15,547,0.1249,0.1115
proportional,Away win,0.15,0.2,531,0.1753,0.194
proportional,Away win,0.2,0.25,647,0.2257,0.2117
proportional,Away win,0.25,0.3,759,0.2745,0.2675
proportional,Away win,0.3,0.35,626,0.3254,0.2971
proportional,Away win,0.35,0.4,429,0.3752,0.3916
proportional,Away win,0.4,0.45,282,0.4235,0.4326
proportional,Away win,0.45,0.5,295,0.4736,0.4678
proportional,Away win,0.5,0.55,238,0.5276,0.5294
proportional,Away win,0.55,0.6,229,0.5722,0.5502
proportional,Away win,0.6,0.65,192,0.6169,0.6875
proportional,Away win,0.65,0.7,151,0.6735,0.6821
proportional,Away win,0.7,0.75,88,0.7243,0.7955
proportional,Away win,0.75,0.8,38,0.772,0.7632
power,Home win,0.05,0.1,124,0.0807,0.0645
power,Home win,0.1,0.15,279,0.128,0.1434
power,Home win,0.15,0.2,323,0.1738,0.1858
power,Home win,0.2,0.25,349,0.2244,0.2751
power,Home win,0.25,0.3,338,0.2757,0.2722
power,Home win,0.3,0.35,424,0.327,0.2877
power,Home win,0.35,0.4,563,0.3779,0.3837
power,Home win,0.4,0.45,577,0.4246,0.409
power,Home win,0.45,0.5,518,0.4736,0.4537
power,Home win,0.5,0.55,452,0.5232,0.531
power,Home win,0.55,0.6,343,0.5744,0.6268
power,Home win,0.6,0.65,295,0.6237,0.5763
power,Home win,0.65,0.7,275,0.6772,0.7055
power,Home win,0.7,0.75,244,0.7248,0.7008
power,Home win,0.75,0.8,263,0.7724,0.7452
power,Home win,0.8,0.85,207,0.8245,0.7923
power,Home win,0.85,0.9,89,0.8754,0.8876
power,Draw,0.05,0.1,108,0.0806,0.0648
power,Draw,0.1,0.15,392,0.128,0.1505
power,Draw,0.15,0.2,701,0.1751,0.1598
power,Draw,0.2,0.25,1417,0.2293,0.2152
power,Draw,0.25,0.3,2897,0.2759,0.2868
power,Draw,0.3,0.35,182,0.3067,0.3022
power,Away win,0.0,0.05,164,0.0382,0.0427
power,Away win,0.05,0.1,544,0.0743,0.1066
power,Away win,0.1,0.15,548,0.1243,0.1113
power,Away win,0.15,0.2,484,0.1745,0.2045
power,Away win,0.2,0.25,689,0.2256,0.2177
power,Away win,0.25,0.3,687,0.2748,0.2678
power,Away win,0.3,0.35,621,0.3251,0.2947
power,Away win,0.35,0.4,400,0.375,0.4
power,Away win,0.4,0.45,308,0.4246,0.4156
power,Away win,0.45,0.5,240,0.4735,0.4625
power,Away win,0.5,0.55,232,0.5229,0.5259
power,Away win,0.55,0.6,250,0.5722,0.544
power,Away win,0.6,0.65,221,0.6225,0.6561
power,Away win,0.65,0.7,118,0.6767,0.7034
power,Away win,0.7,0.75,102,0.7243,0.7255
power,Away win,0.75,0.8,56,0.7686,0.7321
shin,Home win,0.05,0.1,125,0.0812,0.072
shin,Home win,0.1,0.15,259,0.1273,0.1467
shin,Home win,0.15,0.2,343,0.1733,0.1778
shin,Home win,0.2,0.25,337,0.2242,0.27
shin,Home win,0.25,0.3,352,0.2753,0.2784
shin,Home win,0.3,0.35,425,0.3272,0.2894
shin,Home win,0.35,0.4,573,0.378,0.3822
shin,Home win,0.4,0.45,568,0.4243,0.4102
shin,Home win,0.45,0.5,524,0.4726,0.4523
shin,Home win,0.5,0.55,462,0.5225,0.5411
shin,Home win,0.55,0.6,364,0.5754,0.6044
shin,Home win,0.6,0.65,294,0.6258,0.619
shin,Home win,0.65,0.7,245,0.6767,0.6939
shin,Home win,0.7,0.75,275,0.7236,0.7055
shin,Home win,0.75,0.8,267,0.7738,0.7266
shin,Home win,0.8,0.85,180,0.8238,0.8389
shin,Home win,0.85,0.9,87,0.8731,0.8966
shin,Draw,0.05,0.1,78,0.0828,0.0769
shin,Draw,0.1,0.15,367,0.1288,0.139
shin,Draw,0.15,0.2,702,0.1755,0.1638
shin,Draw,0.2,0.25,1401,0.2293,0.2106
shin,Draw,0.25,0.3,2966,0.2759,0.2852
shin,Draw,0.3,0.35,186,0.3068,0.3011
shin,Away win,0.0,0.05,151,0.0389,0.0464
shin,Away win,0.05,0.1,548,0.0745,0.104
shin,Away win,0.1,0.15,520,0.1235,0.1038
shin,Away win,0.15,0.2,516,0.1737,0.2054
shin,Away win,0.2,0.25,664,0.2253,0.2108
shin,Away win,0.25,0.3,714,0.2743,0.2703
shin,Away win,0.3,0.35,624,0.3251,0.2965
shin,Away win,0.35,0.4,407,0.3751,0.3931
shin,Away win,0.4,0.45,302,0.4243,0.4272
shin,Away win,0.45,0.5,242,0.4723,0.4669
shin,Away win,0.5,0.55,246,0.5229,0.5122
shin,Away win,0.55,0.6,258,0.5733,0.5504
shin,Away win,0.6,0.65,208,0.6228,0.6731
shin,Away win,0.65,0.7,112,0.6755,0.6964
shin,Away win,0.7,0.75,113,0.7235,0.7345
shin,Away win,0.75,0.8,48,0.7735,0.7708
