season,model,predicted_draw,actual_draw,predicted_0_0,actual_0_0,predicted_1_1,actual_1_1
1920,Dixon-Coles,0.2453,0.2414,0.0752,0.0557,0.1143,0.1273
1920,Poisson goals model,0.2223,0.2414,0.062,0.0557,0.1056,0.1273
1920,Bookmaker (Bet365),0.2378,0.2414,,,,
2021,Dixon-Coles,0.2454,0.2202,0.0758,0.0796,0.1135,0.1061
2021,Poisson goals model,0.2314,0.2202,0.0647,0.0796,0.1099,0.1061
2021,Bookmaker (Bet365),0.2433,0.2202,,,,
2122,Dixon-Coles,0.2362,0.2281,0.071,0.0557,0.1094,0.1088
2122,Poisson goals model,0.2287,0.2281,0.0637,0.0557,0.1086,0.1088
2122,Bookmaker (Bet365),0.2397,0.2281,,,,
2223,Dixon-Coles,0.2366,0.2281,0.0667,0.061,0.1107,0.0981
2223,Poisson goals model,0.2269,0.2281,0.0629,0.061,0.1077,0.0981
2223,Bookmaker (Bet365),0.2415,0.2281,,,,
2324,Dixon-Coles,0.2104,0.2175,0.0505,0.0292,0.0959,0.1008
2324,Poisson goals model,0.2269,0.2175,0.0611,0.0292,0.1076,0.1008
2324,Bookmaker (Bet365),0.2261,0.2175,,,,
2425,Dixon-Coles,0.2306,0.244,0.0572,0.0424,0.1077,0.1167
2425,Poisson goals model,0.2254,0.244,0.0595,0.0424,0.1068,0.1167
2425,Bookmaker (Bet365),0.2318,0.244,,,,
pooled,Dixon-Coles,0.2341,0.2299,0.0661,0.0539,0.1086,0.1096
pooled,Poisson goals model,0.2269,0.2299,0.0623,0.0539,0.1077,0.1096
pooled,Bookmaker (Bet365),0.2367,0.2299,,,,
