season,approach,log_loss_diff,dm_stat_log_loss,dm_p_log_loss,rps_diff,dm_stat_rps,dm_p_rps
1920,Class frequencies,0.0916,3.752,0.000176,0.03124,3.941,8.1e-05
1920,Logistic regression,0.0041,0.366,0.714427,0.00072,0.216,0.828612
1920,Gradient boosting,0.0207,1.499,0.13396,0.00395,1.03,0.303227
1920,Poisson goals model,-0.0033,-0.312,0.754955,-0.00048,-0.152,0.87889
1920,Blend: Logistic regression,-0.0016,-1.49,0.136232,-0.00057,-1.757,0.078876
1920,Blend: Gradient boosting,0.0,0.0,1.0,0.0,0.0,1.0
1920,Blend: Poisson goals model,-0.004,-1.823,0.068359,-0.00112,-1.78,0.07514
2021,Class frequencies,0.0828,3.542,0.000397,0.03222,4.207,2.6e-05
2021,Logistic regression,0.0427,3.528,0.000419,0.01111,3.028,0.002464
2021,Gradient boosting,0.0397,2.644,0.008204,0.01063,2.54,0.011079
2021,Poisson goals model,0.0346,3.175,0.001497,0.0105,3.012,0.002599
2021,Blend: Logistic regression,0.0104,2.263,0.023609,0.0026,1.8,0.071896
2021,Blend: Gradient boosting,0.0013,0.457,0.64744,0.00041,0.493,0.621921
2021,Blend: Poisson goals model,0.0153,2.356,0.018486,0.00456,2.2,0.027799
2122,Class frequencies,0.1357,6.219,0.0,0.04716,6.519,0.0
2122,Logistic regression,0.0232,2.606,0.009154,0.00744,2.682,0.00731
2122,Gradient boosting,0.0283,2.268,0.023346,0.0075,2.248,0.02458
2122,Poisson goals model,0.0213,2.532,0.011357,0.00755,2.814,0.004892
2122,Blend: Logistic regression,0.0,0.0,1.0,0.0,0.0,1.0
2122,Blend: Gradient boosting,0.0,0.0,1.0,0.0,0.0,1.0
2122,Blend: Poisson goals model,0.0,0.0,1.0,0.0,0.0,1.0
2223,Class frequencies,0.085,4.005,6.2e-05,0.02966,4.2,2.7e-05
2223,Logistic regression,0.0307,3.138,0.001699,0.01062,3.523,0.000427
2223,Gradient boosting,0.0516,4.111,3.9e-05,0.01604,4.602,4e-06
2223,Poisson goals model,0.0303,3.512,0.000444,0.00999,3.643,0.000269
2223,Blend: Logistic regression,0.0,0.0,1.0,0.0,0.0,1.0
2223,Blend: Gradient boosting,0.0025,2.122,0.033807,0.00095,2.844,0.004455
2223,Blend: Poisson goals model,0.0,0.0,1.0,0.0,0.0,1.0
2324,Class frequencies,0.1427,6.64,0.0,0.04894,6.751,0.0
2324,Logistic regression,0.0214,2.199,0.027851,0.00656,2.17,0.030041
2324,Gradient boosting,0.0363,2.884,0.003927,0.0098,2.836,0.004564
2324,Poisson goals model,0.02,2.243,0.024928,0.00664,2.295,0.021753
2324,Blend: Logistic regression,0.0026,0.881,0.378502,0.00094,1.034,0.301344
2324,Blend: Gradient boosting,0.0,0.0,1.0,0.0,0.0,1.0
2324,Blend: Poisson goals model,0.0006,0.599,0.548928,0.00025,0.863,0.387977
2425,Class frequencies,0.1079,5.442,0.0,0.03753,5.552,0.0
2425,Logistic regression,0.0216,2.718,0.006565,0.00753,3.088,0.002014
2425,Gradient boosting,0.0435,4.006,6.2e-05,0.01101,3.91,9.2e-05
2425,Poisson goals model,0.0177,2.495,0.012605,0.00634,2.779,0.005448
2425,Blend: Logistic regression,0.0,0.0,1.0,0.0,0.0,1.0
2425,Blend: Gradient boosting,0.0,0.0,1.0,0.0,0.0,1.0
2425,Blend: Poisson goals model,0.0,0.0,1.0,0.0,0.0,1.0
mean,Class frequencies,0.107617,4.933333,0.000106,0.037792,5.195,2.2e-05
pooled,Class frequencies,0.1076,11.936,0.0,0.03779,12.633,0.0
mean,Logistic regression,0.02395,2.425833,0.126686,0.00733,2.451167,0.145145
pooled,Logistic regression,0.0239,5.844,0.0,0.00733,5.855,0.0
mean,Gradient boosting,0.036683,2.902,0.028256,0.009822,2.861,0.057258
pooled,Gradient boosting,0.0367,6.942,0.0,0.00982,6.786,0.0
mean,Poisson goals model,0.0201,2.274167,0.134298,0.006757,2.3985,0.152308
pooled,Poisson goals model,0.0201,5.364,0.0,0.00676,5.701,0.0
mean,Blend: Logistic regression,0.0019,0.275667,0.589724,0.000495,0.1795,0.575353
pooled,Blend: Logistic regression,0.0019,2.033,0.042046,0.00049,1.703,0.088546
mean,Blend: Gradient boosting,0.000633,0.429833,0.780208,0.000227,0.556167,0.771063
pooled,Blend: Gradient boosting,0.0006,1.235,0.217002,0.00023,1.519,0.128839
mean,Blend: Poisson goals model,0.001983,0.188667,0.605962,0.000615,0.213833,0.581819
pooled,Blend: Poisson goals model,0.002,1.703,0.088609,0.00061,1.683,0.092386
