season,model,equation,term,coefficient,std_error,p_value
1920,B,draw vs home win,constant,0.1257,0.1414,0.374
1920,B,draw vs home win,ln(pDraw/pHome),1.9341,0.5339,0.0003
1920,B,draw vs home win,ln(pAway/pHome),-0.6029,0.2992,0.0439
1920,B,draw vs home win,home_pts,0.1985,0.1034,0.0548
1920,B,draw vs home win,home_gf,-0.1421,0.0813,0.0803
1920,B,draw vs home win,home_ga,0.1513,0.0703,0.0315
1920,B,draw vs home win,away_pts,-0.0341,0.1015,0.7369
1920,B,draw vs home win,away_gf,0.0967,0.0803,0.2288
1920,B,draw vs home win,away_ga,-0.0431,0.0699,0.5375
1920,B,draw vs home win,elo_diff,-0.0261,0.1208,0.829
1920,B,away win vs home win,constant,0.0837,0.1466,0.5681
1920,B,away win vs home win,ln(pDraw/pHome),0.5521,0.5567,0.3213
1920,B,away win vs home win,ln(pAway/pHome),0.7196,0.3053,0.0184
1920,B,away win vs home win,home_pts,0.1739,0.1049,0.0975
1920,B,away win vs home win,home_gf,-0.0272,0.0834,0.7439
1920,B,away win vs home win,home_ga,0.0764,0.0709,0.2812
1920,B,away win vs home win,away_pts,-0.0972,0.1021,0.3409
1920,B,away win vs home win,away_gf,0.0326,0.0793,0.6808
1920,B,away win vs home win,away_ga,0.0147,0.071,0.8361
1920,B,away win vs home win,elo_diff,-0.0813,0.1225,0.5072
2021,B,draw vs home win,constant,0.1452,0.1308,0.2671
2021,B,draw vs home win,ln(pDraw/pHome),1.9914,0.4814,0.0
2021,B,draw vs home win,ln(pAway/pHome),-0.6335,0.2697,0.0188
2021,B,draw vs home win,home_pts,0.186,0.0983,0.0586
2021,B,draw vs home win,home_gf,-0.1176,0.0772,0.1277
2021,B,draw vs home win,home_ga,0.1304,0.0666,0.0502
2021,B,draw vs home win,away_pts,-0.0311,0.0966,0.7474
2021,B,draw vs home win,away_gf,0.0576,0.0763,0.4508
2021,B,draw vs home win,away_ga,-0.0352,0.0663,0.5958
2021,B,draw vs home win,elo_diff,-0.0453,0.1136,0.6898
2021,B,away win vs home win,constant,0.0434,0.1339,0.7459
2021,B,away win vs home win,ln(pDraw/pHome),0.549,0.4923,0.2648
2021,B,away win vs home win,ln(pAway/pHome),0.6421,0.2706,0.0177
2021,B,away win vs home win,home_pts,0.188,0.0997,0.0594
2021,B,away win vs home win,home_gf,-0.0269,0.079,0.7329
2021,B,away win vs home win,home_ga,0.0986,0.0668,0.1398
2021,B,away win vs home win,away_pts,-0.0951,0.0969,0.3263
2021,B,away win vs home win,away_gf,0.0332,0.0749,0.6571
2021,B,away win vs home win,away_ga,0.0227,0.0672,0.7353
2021,B,away win vs home win,elo_diff,-0.1655,0.115,0.1501
2122,B,draw vs home win,constant,0.0769,0.1236,0.5336
2122,B,draw vs home win,ln(pDraw/pHome),1.6647,0.4485,0.0002
2122,B,draw vs home win,ln(pAway/pHome),-0.4608,0.2508,0.0661
2122,B,draw vs home win,home_pts,0.1625,0.0945,0.0856
2122,B,draw vs home win,home_gf,-0.0896,0.0735,0.2229
2122,B,draw vs home win,home_ga,0.1246,0.0637,0.0504
2122,B,draw vs home win,away_pts,-0.0398,0.0926,0.6675
2122,B,draw vs home win,away_gf,0.0668,0.0729,0.3592
2122,B,draw vs home win,away_ga,-0.043,0.0631,0.4957
2122,B,draw vs home win,elo_diff,-0.0748,0.108,0.4888
2122,B,away win vs home win,constant,0.0186,0.1244,0.881
2122,B,away win vs home win,ln(pDraw/pHome),0.1484,0.4484,0.7407
2122,B,away win vs home win,ln(pAway/pHome),0.8959,0.2462,0.0003
2122,B,away win vs home win,home_pts,0.1415,0.0944,0.134
2122,B,away win vs home win,home_gf,-0.012,0.0743,0.8717
2122,B,away win vs home win,home_ga,0.0696,0.0631,0.2705
2122,B,away win vs home win,away_pts,-0.0907,0.0918,0.3233
2122,B,away win vs home win,away_gf,0.0181,0.071,0.7985
2122,B,away win vs home win,away_ga,0.0024,0.063,0.9693
2122,B,away win vs home win,elo_diff,-0.0779,0.1074,0.4683
2223,B,draw vs home win,constant,0.1042,0.1188,0.3804
2223,B,draw vs home win,ln(pDraw/pHome),1.5917,0.4226,0.0002
2223,B,draw vs home win,ln(pAway/pHome),-0.3348,0.236,0.156
2223,B,draw vs home win,home_pts,0.104,0.0876,0.235
2223,B,draw vs home win,home_gf,-0.0545,0.07,0.4362
2223,B,draw vs home win,home_ga,0.0889,0.0613,0.147
2223,B,draw vs home win,away_pts,-0.0407,0.0867,0.6388
2223,B,draw vs home win,away_gf,0.0649,0.0699,0.353
2223,B,draw vs home win,away_ga,-0.046,0.0605,0.4472
2223,B,draw vs home win,elo_diff,0.039,0.0948,0.6808
2223,B,away win vs home win,constant,0.0407,0.1194,0.7332
2223,B,away win vs home win,ln(pDraw/pHome),0.2094,0.4256,0.6227
2223,B,away win vs home win,ln(pAway/pHome),0.8732,0.2353,0.0002
2223,B,away win vs home win,home_pts,0.1302,0.0877,0.1375
2223,B,away win vs home win,home_gf,-0.0073,0.071,0.9183
2223,B,away win vs home win,home_ga,0.0767,0.0605,0.2051
2223,B,away win vs home win,away_pts,-0.1482,0.0857,0.0835
2223,B,away win vs home win,away_gf,0.03,0.0679,0.6589
2223,B,away win vs home win,away_ga,-0.0692,0.0608,0.2546
2223,B,away win vs home win,elo_diff,-0.0804,0.0947,0.3955
2324,B,draw vs home win,constant,0.0479,0.1144,0.6754
2324,B,draw vs home win,ln(pDraw/pHome),1.5566,0.4023,0.0001
2324,B,draw vs home win,ln(pAway/pHome),-0.3991,0.2252,0.0764
2324,B,draw vs home win,home_pts,0.1333,0.0868,0.1243
2324,B,draw vs home win,home_gf,-0.0755,0.0678,0.2656
2324,B,draw vs home win,home_ga,0.122,0.0586,0.0374
2324,B,draw vs home win,away_pts,-0.057,0.0853,0.5044
2324,B,draw vs home win,away_gf,0.0758,0.0671,0.2593
2324,B,draw vs home win,away_ga,-0.059,0.0581,0.3098
2324,B,draw vs home win,elo_diff,-0.064,0.1024,0.5319
2324,B,away win vs home win,constant,0.0641,0.1153,0.5785
2324,B,away win vs home win,ln(pDraw/pHome),0.3613,0.4057,0.3731
2324,B,away win vs home win,ln(pAway/pHome),0.7994,0.2226,0.0003
2324,B,away win vs home win,home_pts,0.1,0.0865,0.2473
2324,B,away win vs home win,home_gf,0.0082,0.0684,0.905
2324,B,away win vs home win,home_ga,0.0586,0.0579,0.3113
2324,B,away win vs home win,away_pts,-0.1348,0.0844,0.1103
2324,B,away win vs home win,away_gf,0.0224,0.0651,0.7312
2324,B,away win vs home win,away_ga,-0.0459,0.0581,0.4296
2324,B,away win vs home win,elo_diff,-0.0738,0.1019,0.4687
2425,B,draw vs home win,constant,0.0725,0.1108,0.5129
2425,B,draw vs home win,ln(pDraw/pHome),1.5407,0.3725,0.0
2425,B,draw vs home win,ln(pAway/pHome),-0.3351,0.2097,0.1101
2425,B,draw vs home win,home_pts,0.1138,0.0817,0.1636
2425,B,draw vs home win,home_gf,-0.0688,0.0653,0.2919
2425,B,draw vs home win,home_ga,0.1174,0.0569,0.0391
2425,B,draw vs home win,away_pts,-0.0282,0.0807,0.7267
2425,B,draw vs home win,away_gf,0.0485,0.0649,0.4543
2425,B,draw vs home win,away_ga,-0.0471,0.0563,0.4028
2425,B,draw vs home win,elo_diff,0.0092,0.0969,0.9244
2425,B,away win vs home win,constant,0.055,0.1109,0.6199
2425,B,away win vs home win,ln(pDraw/pHome),0.3179,0.3743,0.3958
2425,B,away win vs home win,ln(pAway/pHome),0.8389,0.2084,0.0001
2425,B,away win vs home win,home_pts,0.0777,0.0815,0.3404
2425,B,away win vs home win,home_gf,-0.0062,0.066,0.925
2425,B,away win vs home win,home_ga,0.0471,0.0561,0.402
2425,B,away win vs home win,away_pts,-0.1439,0.0798,0.0712
2425,B,away win vs home win,away_gf,0.0263,0.0629,0.6757
2425,B,away win vs home win,away_ga,-0.0588,0.0565,0.2983
2425,B,away win vs home win,elo_diff,-0.0571,0.0965,0.5536
