method,season,log_loss,rps
proportional,1920,0.9725,0.1987
proportional,2021,1.0101,0.2143
proportional,2122,0.9341,0.1887
proportional,2223,0.9649,0.1988
proportional,2324,0.9132,0.1848
proportional,2425,0.9738,0.1983
proportional,mean,0.9614,0.1973
power,1920,0.9746,0.1991
power,2021,1.0136,0.2151
power,2122,0.9325,0.1884
power,2223,0.9651,0.1988
power,2324,0.9103,0.1841
power,2425,0.9743,0.1985
power,mean,0.9617,0.1973
shin,1920,0.9742,0.199
shin,2021,1.0126,0.2148
shin,2122,0.9329,0.1885
shin,2223,0.9648,0.1987
shin,2324,0.9111,0.1843
shin,2425,0.9739,0.1984
shin,mean,0.9616,0.1973
